[
  {
    "place": "Musée de l'Orangerie",
    "date": "20250416",
    "start_time": "1600",
    "end_time": null,
    "name_kr": "송호인",
    "name_en": "Hoin Song",
    "file": "../attachments/activiti_tickets/hoin_Musée_de_l'Orangerie_Tickets_2506919687500400568.pdf",
    "note_kr": null,
    "note_en": null
  },
  {
    "place": "Musée de l'Orangerie",
    "date": "20250416",
    "start_time": "1600",
    "end_time": null,
    "name_kr": "황미순",
    "name_en": "Misoon Hwang",
    "file": "../attachments/activiti_tickets/misoon_Musée_de_l'Orangerie_Tickets_2506919687500400568.pdf",
    "note_kr": null,
    "note_en": null
  },
  {
    "place": "Musée de l'Orangerie",
    "date": "20250416",
    "start_time": "1600",
    "end_time": null,
    "name_kr": "송지수",
    "name_en": "Jisu Song",
    "file": "../attachments/activiti_tickets/jisu_Musée_de_l'Orangerie_Tickets_2506919687500400568.pdf",
    "note_kr": null,
    "note_en": null
  },
  {
    "place": "Musée de l'Orangerie",
    "date": "20250416",
    "start_time": "1600",
    "end_time": null,
    "name_kr": "송가람",
    "name_en": "Garam Song",
    "file": "../attachments/activiti_tickets/garam_Musée_de_l'Orangerie_Tickets_2506919687500400568.pdf",
    "note_kr": null,
    "note_en": null
  },
  {
    "place": "Palace of Versailles",
    "date": "20250417",
    "start_time": "0900",
    "end_time": null,
    "name_kr": "송호인",
    "name_en": "Hoin Song",
    "file": "../attachments/activiti_tickets/2025-04_Versailles_Tickets_Hoin.pdf",
    "note_kr": null,
    "note_en": null
  },
  {
    "place": "Palace of Versailles",
    "date": "20250417",
    "start_time": "0900",
    "end_time": null,
    "name_kr": "황미순",
    "name_en": "Misoon Hwang",
    "file": "../attachments/activiti_tickets/2025-04_Versailles_Tickets_Misoon.pdf",
    "note_kr": null,
    "note_en": null
  },
  {
    "place": "Palace of Versailles",
    "date": "20250417",
    "start_time": "0900",
    "end_time": null,
    "name_kr": "송지수",
    "name_en": "Jisu Song",
    "file": "../attachments/activiti_tickets/2025-04_Versailles_Tickets_Jisu.pdf",
    "note_kr": null,
    "note_en": null
  },
  {
    "place": "Palace of Versailles",
    "date": "20250417",
    "start_time": "0900",
    "end_time": null,
    "name_kr": "송가람",
    "name_en": "Garam Song",
    "file": "../attachments/activiti_tickets/2025-04_Versailles_Tickets_Garam.pdf",
    "note_kr": null,
    "note_en": null
  },
  {
    "place": "Sainte-Chapelle",
    "date": "20250417",
    "start_time": "1600",
    "end_time": "1700",
    "name_kr": "송호인",
    "name_en": "Hoin Song",
    "file": "../attachments/activiti_tickets/hoin_2025-04_Sainte-Chapelle_Tickets.pdf",
    "note_kr": null,
    "note_en": null
  },
  {
    "place": "Sainte-Chapelle",
    "date": "20250417",
    "start_time": "1600",
    "end_time": "1700",
    "name_kr": "황미순",
    "name_en": "Misoon Hwang",
    "file": "../attachments/activiti_tickets/misoon_2025-04_Sainte-Chapelle_Tickets.pdf",
    "note_kr": null,
    "note_en": null
  },
  {
    "place": "Sainte-Chapelle",
    "date": "20250417",
    "start_time": "1600",
    "end_time": "1700",
    "name_kr": "송지수",
    "name_en": "Jisu Song",
    "file": "../attachments/activiti_tickets/jisu_2025-04_Sainte-Chapelle_Tickets.pdf",
    "note_kr": null,
    "note_en": null
  },
  {
    "place": "Sainte-Chapelle",
    "date": "20250417",
    "start_time": "1600",
    "end_time": "1700",
    "name_kr": "송가람",
    "name_en": "Garam Song",
    "file": "../attachments/activiti_tickets/garam_2025-04_Sainte-Chapelle_Tickets.pdf",
    "note_kr": null,
    "note_en": null
  },
  {
    "place": "Louvre Museum",
    "date": "20250418",
    "start_time": "0930",
    "end_time": null,
    "name_kr": "송호인",
    "name_en": "Hoin Song",
    "file": "../attachments/activiti_tickets/Louvre-tickets_Hoin_V25078574340.pdf",
    "note_kr": null,
    "note_en": null
  },
  {
    "place": "Louvre Museum",
    "date": "20250418",
    "start_time": "0930",
    "end_time": null,
    "name_kr": "황미순",
    "name_en": "Misoon Hwang",
    "file": "../attachments/activiti_tickets/Louvre-tickets_Misoon_V25078574340.pdf",
    "note_kr": null,
    "note_en": null
  },
  {
    "place": "Louvre Museum",
    "date": "20250418",
    "start_time": "0930",
    "end_time": null,
    "name_kr": "송지수",
    "name_en": "Jisu Song",
    "file": "../attachments/activiti_tickets/Louvre-tickets_Jisu_V25078574340.pdf",
    "note_kr": null,
    "note_en": null
  },
  {
    "place": "Louvre Museum",
    "date": "20250418",
    "start_time": "0930",
    "end_time": null,
    "name_kr": "송가람",
    "name_en": "Garam Song",
    "file": "../attachments/activiti_tickets/Louvre-tickets_Garam_V25078574340.pdf",
    "note_kr": null,
    "note_en": null
  },
  {
    "place": "arex",
    "date": "20250421",
    "start_time": "1648",
    "end_time": "1731",
    "name_kr": "송호인",
    "name_en": "Hoin Song",
    "file": "../attachments/transportation_tickets/20250421_arex_1.jpg",
    "note_kr": null,
    "note_en": null
  },
  {
    "place": "arex",
    "date": "20250421",
    "start_time": "1648",
    "end_time": "1731",
    "name_kr": "황미순",
    "name_en": "Misoon Hwang",
    "file": "../attachments/transportation_tickets/20250421_arex_2.jpg",
    "note_kr": null,
    "note_en": null
  },
  {
    "place": "arex",
    "date": "20250421",
    "start_time": "1648",
    "end_time": "1731",
    "name_kr": "송가람",
    "name_en": "Garam Song",
    "file": "../attachments/transportation_tickets/20250421_arex_3.jpg",
    "note_kr": null,
    "note_en": null
  }
]
