﻿[
  {
    "type": "schedule",
    "start": null,
    "end": null,
    "event_kr": "🍽️ 아침:",
    "note_kr": null,
    "event_en": "Breakfast:",
    "note_en": null,
    "ticket": null,
    "map": null,
    "more": null
  },
  {
    "type": "info",
    "start": "0720",
    "end": "0830",
    "event_kr": "🚊 호텔 → 베르사유 궁전",
    "note_kr": "약 1시간 소요 예정",
    "event_en": "🚊 Hotel → Palace of Versailles",
    "note_en": "Approx. 1 hr",
    "ticket": null,
    "map": "https://maps.app.goo.gl/g2LXj5gAKnnVXeNw7",
    "more": null
  },
  {
    "type": "schedule",
    "start": "0830",
    "end": "1300",
    "event_kr": "베르사유 궁전",
    "note_kr": null,
    "event_en": "Palace of Versailles",
    "note_en": null,
    "ticket": "../tickets_html/ticket_Palace_of_Versailles.html",
    "map": "https://maps.app.goo.gl/Gw5uDqFVFNHH3YwL6",
    "more": null
  },
  {
    "type": "schedule",
    "start": null,
    "end": null,
    "event_kr": "🍽️ 점심:",
    "note_kr": null,
    "event_en": "Lunch:",
    "note_en": null,
    "ticket": null,
    "map": null,
    "more": null
  },
  {
    "type": "schedule",
    "start": "1600",
    "end": "1700",
    "event_kr": "생 샤펠 성당",
    "note_kr": null,
    "event_en": "Sainte-Chapelle",
    "note_en": null,
    "ticket": "../tickets_html/ticket_Sainte-Chapelle.html",
    "map": "https://maps.app.goo.gl/7ftko9s8phqkpxoX9",
    "more": null
  },
  {
    "type": "schedule",
    "start": "1700",
    "end": "1800",
    "event_kr": "파리 노트르담 대성당",
    "note_kr": "여권 지참",
    "event_en": "Cathédrale Notre-Dame de Paris",
    "note_en": "Passport required",
    "ticket": null,
    "map": null,
    "more": null
  },
  {
    "type": "schedule",
    "start": "1900",
    "end": "2100",
    "event_kr": "🍽️ 가족 저녁식사: 에 또끄",
    "note_kr": null,
    "event_en": "Family Dinner: Et Toque",
    "note_en": null,
    "ticket": null,
    "map": "https://maps.app.goo.gl/RrrX8YmL6xCT8eru8",
    "more": null
  },
  {
    "type": "info",
    "start": "2110",
    "end": "2200",
    "event_kr": "🚌 에 또끄 → 호텔",
    "note_kr": "약 30분 소요 예정 / 144번 버스",
    "event_en": "🚌 Et Toque → Hotel",
    "note_en": "Approx. 30 min / Bus No. 144",
    "ticket": null,
    "map": "https://maps.app.goo.gl/i1rjrQ2d9LP9ZZqb7",
    "more": null
  }
]
