﻿[
  {
    "type": "schedule",
    "start": null,
    "end": null,
    "event_kr": "🍽️ 아침:",
    "note_kr": null,
    "event_en": "Breakfast:",
    "note_en": null,
    "ticket": null,
    "map": null,
    "more": null
  },
  {
    "type": "schedule",
    "start": null,
    "end": null,
    "event_kr": "🍽️ 점심:",
    "note_kr": null,
    "event_en": "Lunch:",
    "note_en": null,
    "ticket": null,
    "map": null,
    "more": null
  },
  {
    "type": "schedule",
    "start": null,
    "end": null,
    "event_kr": "🍽️ 저녁:",
    "note_kr": null,
    "event_en": "Dinner:",
    "note_en": null,
    "ticket": null,
    "map": null,
    "more": null
  },
  {
    "type": "info",
    "start": "2005",
    "end": null,
    "event_kr": "✈️ 샤를 드 골 공항 T1 → 인천 공항 T1",
    "note_kr": "비행시간: 12시간</br>아시아나항공 OZ502</br>좌석 35 H, J, K / 23 E",
    "event_en": "✈️ CDG T1 → ICN T1",
    "note_en": "Flight duration: 12 hours</br>Asiana Airlines OZ502</br> Seats 35 H, J, K / 23 E",
    "ticket": null,
    "map": "https://maps.app.goo.gl/x7kXVVMTZHc9EwUd7",
    "more": null
  }
]
