﻿[
  {
    "type": "info",
    "start": null,
    "end": "1505",
    "event_kr": "✈️ 샤를 드 골 공항 T1 → 인천 공항 T1",
    "note_kr": "비행시간: 12시간</br>아시아나항공 OZ502</br>좌석 35 H, J, K / 23 E",
    "event_en": "✈️ CDG T1 → ICN T1",
    "note_en": "Flight duration: 12 hours</br>Asiana Airlines OZ502</br> Seats 35 H, J, K / 23 E",
    "ticket": null,
    "map": "https://maps.app.goo.gl/xf1EaNcPJwffMNteA",
    "more": null
  },
  {
    "type": "info",
    "start": "1648",
    "end": "1731",
    "event_kr": "🚊 인천공항 → 서울역",
    "note_kr": "공항철도 직통 열차 탑승, 약 43분 소요 예정",
    "event_en": "🚊 Incheon Airport → Seoul Station",
    "note_en": "Approx. 43min",
    "ticket": "../tickets_html/ticket_20250421_arex.html",
    "map": null,
    "more": null
  },
  {
    "type": "info",
    "start": "1758",
    "end": "1857",
    "event_kr": "🚄  서울역 → 대전역",
    "note_kr": "KTX 053, 11호차 14 A, B, C",
    "event_en": "🚄  Seoul Station → Daejeon Station",
    "note_en": "KTX 053, Car 11, Seats 14 A, B, C",
    "ticket": null,
    "map": null,
    "more": null
  }
]
