﻿[
  {
    "type": "schedule",
    "start": null,
    "end": null,
    "event_kr": "🍽️ 아침:",
    "note_kr": null,
    "event_en": "Breakfast:",
    "note_en": null,
    "ticket": null,
    "map": null,
    "more": null
  },
  {
    "type": "schedule",
    "start": "1100",
    "end": "1130",
    "event_kr": "(엘리에제) 웨딩 메이크업",
    "note_kr": null,
    "event_en": "(Eli) Wedding Makeup",
    "note_en": null,
    "ticket": null,
    "map": "https://maps.app.goo.gl/CrzRzZwMrkFnvgEL9",
    "more": null
  },
  {
    "type": "schedule",
    "start": "1130",
    "end": "1330",
    "event_kr": "(지수) 웨딩 메이크업",
    "note_kr": null,
    "event_en": "(Jisu) Wedding Makeup",
    "note_en": null,
    "ticket": null,
    "map": "https://maps.app.goo.gl/CrzRzZwMrkFnvgEL9",
    "more": null
  },
  {
    "type": "schedule",
    "start": "1330",
    "end": "1400",
    "event_kr": "(지수) 웨딩 드레스 환복",
    "note_kr": null,
    "event_en": "Jisu changes into wedding dress",
    "note_en": null,
    "ticket": null,
    "map": "https://maps.app.goo.gl/CrzRzZwMrkFnvgEL9",
    "more": null
  },
  {
    "type": "schedule",
    "start": null,
    "end": null,
    "event_kr": "🍽️ 점심:",
    "note_kr": null,
    "event_en": "Lunch:",
    "note_en": null,
    "ticket": null,
    "map": null,
    "more": null
  },
  {
    "type": "info",
    "start": null,
    "end": null,
    "event_kr": "🚗 호텔 → 낭테르 시청",
    "note_kr": "약 10분 소요 예정",
    "event_en": "🚗 Hotel → Nanterre City Hall",
    "note_en": "Approx. 10 min",
    "ticket": null,
    "map": "https://maps.app.goo.gl/htP6KWTkaamcLW779",
    "more": null
  },
  {
    "type": "schedule",
    "start": "1500",
    "end": "1530",
    "event_kr": "결혼식: 낭테르 시청",
    "note_kr": null,
    "event_en": "Wedding Ceremony: Hôtel de Ville de Nanterre",
    "note_en": null,
    "ticket": null,
    "map": "https://maps.app.goo.gl/nQd2ykZLccg7cp4N8",
    "more": "../more_info/ceremony_order_kr.html"
  },
  {
    "type": "schedule",
    "start": "2100",
    "end": "2300",
    "event_kr": "🍽️ 결혼식 피로연: 마그리트 1606",
    "note_kr": null,
    "event_en": "Wedding Reception: MARGUERITE 1606",
    "note_en": null,
    "ticket": null,
    "map": "https://maps.app.goo.gl/R4YzZdjbjLg2aCqv9",
    "more": "../more_info/reception_menu_choices_kr.html"
  },
  {
    "type": "info",
    "start": "2320",
    "end": "0000",
    "event_kr": "🚕 마그리트 1606 → 호텔",
    "note_kr": "우버 탑승 예정, 약 40분 소요 예상",
    "event_en": "🚕 MARGUERITE 1606 → Hotel",
    "note_en": "By Uber, Approx. 40 min",
    "ticket": null,
    "map": "https://maps.app.goo.gl/pwJgSszbcj4Cgb719",
    "more": null
  }
]
