﻿[
  {
    "type": "schedule",
    "start": null,
    "end": null,
    "event_kr": "🍽️ 아침:",
    "note_kr": null,
    "event_en": "Breakfast:",
    "note_en": null,
    "ticket": null,
    "map": null,
    "more": null
  },
  {
    "type": "schedule",
    "start": "1000",
    "end": "1230",
    "event_kr": "오르세 미술관",
    "note_kr": null,
    "event_en": "Musée d'Orsay",
    "note_en": null,
    "ticket": null,
    "map": "https://maps.app.goo.gl/1QFsZKPp6XEm2qnd6",
    "more": null
  },
  {
    "type": "schedule",
    "start": null,
    "end": null,
    "event_kr": "🍽️ 점심:",
    "note_kr": null,
    "event_en": "Lunch:",
    "note_en": null,
    "ticket": null,
    "map": null,
    "more": null
  },
  {
    "type": "schedule",
    "start": "1400",
    "end": "1600",
    "event_kr": "오랑주리 미술관",
    "note_kr": null,
    "event_en": "Musée de l'Orangerie",
    "note_en": null,
    "ticket": "../tickets_html/ticket_Musée_de_l'Orangerie.html",
    "map": "https://maps.app.goo.gl/AyDnFRmTyPkoC1Cj6",
    "more": null
  },
  {
    "type": "schedule",
    "start": null,
    "end": null,
    "event_kr": "🍽️ 저녁:",
    "note_kr": null,
    "event_en": "Dinner:",
    "note_en": null,
    "ticket": null,
    "map": null,
    "more": null
  },
  {
    "type": "schedule",
    "start": "2030",
    "end": "2130",
    "event_kr": "개선문",
    "note_kr": "일몰 시간: 20시 44분",
    "event_en": "Arc de Triomphe",
    "note_en": "Sunset at 20:44",
    "ticket": null,
    "map": "https://maps.app.goo.gl/jxRKcQXoZrtwxSZD7",
    "more": null
  },
  {
    "type": "info",
    "start": "2130",
    "end": "2200",
    "event_kr": "🚊 개선문 → 호텔",
    "note_kr": "약 25분 소요 예정",
    "event_en": "🚊 Arc de Triomphe → Hotel",
    "note_en": "Approx. 25 min",
    "ticket": null,
    "map": "https://maps.app.goo.gl/JmzCWWxeVHjvugMLA",
    "more": null
  }
]
