﻿[
  {
    "type": "schedule",
    "start": "0700",
    "end": "0900",
    "event_kr": "지수 메이크업 리허설",
    "note_kr": "엘리 & 아빠 개인 일정</br>이후 엘리 아빠 픽업 예정",
    "event_en": "Jisu Makeup Trial",
    "note_en": "Eli and Dad have personal plans</br>pick-up scheduled afterwards",
    "ticket": null,
    "map": "https://maps.app.goo.gl/wzPcm4HVbkVvoQpA8",
    "more": null
  },
  {
    "type": "schedule",
    "start": null,
    "end": null,
    "event_kr": "🍽️ 아침:",
    "note_kr": null,
    "event_en": "Breakfast:",
    "note_en": null,
    "ticket": null,
    "map": null,
    "more": null
  },
  {
    "type": "info",
    "start": "0910",
    "end": "1000",
    "event_kr": "🚊 호텔 → 드레스 샵",
    "note_kr": "약 40분 소요 예상",
    "event_en": "🚊 Citizen M → White Boutik",
    "note_en": "Approx. 40 min",
    "ticket": null,
    "map": "https://maps.app.goo.gl/JhBKUAPL7v7ugdJ67",
    "more": null
  },
  {
    "type": "schedule",
    "start": "1000",
    "end": "1030",
    "event_kr": "화이트 부티크: 웨딩드레스 최종 피팅",
    "note_kr": null,
    "event_en": "White Boutik: Final Wedding Dress Fitting",
    "note_en": null,
    "ticket": null,
    "map": "https://maps.app.goo.gl/dBLitYsjNVhGPgL36",
    "more": null
  },
  {
    "type": "schedule",
    "start": "1100",
    "end": "1300",
    "event_kr": "🍽️ 점심:",
    "note_kr": null,
    "event_en": "Lunch:",
    "note_en": null,
    "ticket": null,
    "map": null,
    "more": null
  },
  {
    "type": "schedule",
    "start": "1300",
    "end": "1330",
    "event_kr": "샹젤리제 거리",
    "note_kr": null,
    "event_en": "Champs-Élysées",
    "note_en": null,
    "ticket": null,
    "map": "https://maps.app.goo.gl/nvcmaDzdpcqWF2t58",
    "more": null
  },
  {
    "type": "schedule",
    "start": null,
    "end": null,
    "event_kr": "샤요 궁",
    "note_kr": null,
    "event_en": "Palais de Chaillot",
    "note_en": null,
    "ticket": null,
    "map": "https://maps.app.goo.gl/Jt1uBYVacskPBrZt8",
    "more": null
  },
  {
    "type": "schedule",
    "start": null,
    "end": null,
    "event_kr": "트로카데로 광장",
    "note_kr": null,
    "event_en": "Place du Trocadéro",
    "note_en": null,
    "ticket": null,
    "map": "https://maps.app.goo.gl/D47sR7U8M3rddvMB8",
    "more": null
  },
  {
    "type": "schedule",
    "start": null,
    "end": null,
    "event_kr": "🍽️ 레 텔레폰 근처 – 저녁식사 장소",
    "note_kr": null,
    "event_en": "Les Téléphones – Area for the Dinner",
    "note_en": null,
    "ticket": null,
    "map": "https://maps.app.goo.gl/57EZt6YGGUEfDNop7",
    "more": null
  },
  {
    "type": "schedule",
    "start": "2000",
    "end": "2100",
    "event_kr": "🚢 바토 파리지앵 유람선",
    "note_kr": null,
    "event_en": "🚢 Bateaux Parisiens",
    "note_en": null,
    "ticket": null,
    "map": "https://maps.app.goo.gl/kQ8z7mymdegJhvou6",
    "more": "../more_info/cruise_bateaux_parisiens_kr.html"
  },
  {
    "type": "info",
    "start": "2110",
    "end": "2200",
    "event_kr": "🚊 바토 파리지앵 → 호텔",
    "note_kr": "약 50분 소요 예정",
    "event_en": "🚊 Bateaux Parisiens → Hotel",
    "note_en": "Approx. 50 min",
    "ticket": null,
    "map": "https://maps.app.goo.gl/y8otihXSAUL3NEe27",
    "more": null
  }
]
