﻿[
  {
    "type": "schedule",
    "start": null,
    "end": null,
    "event_kr": "🍽️ 아침:",
    "note_kr": null,
    "event_en": "Breakfast:",
    "note_en": null,
    "ticket": null,
    "map": null,
    "more": null
  },
  {
    "type": "info",
    "start": "0940",
    "end": "1020",
    "event_kr": "🚊 호텔 → 쇼메 방돔점",
    "note_kr": "약 30분 소요 예상",
    "event_en": "🚊 Hotel → Chaumet Vendôme",
    "note_en": "Approx. 30 min",
    "ticket": null,
    "map": "https://maps.app.goo.gl/QZ51rknkQPEadvU28",
    "more": null
  },
  {
    "type": "schedule",
    "start": "1030",
    "end": "1130",
    "event_kr": "쇼메 반지 수령",
    "note_kr": "결혼반지 수령 예정",
    "event_en": "Pick up wedding ring at Chaumet (Place Vendôme)",
    "note_en": "Scheduled to retrieve wedding ring",
    "ticket": null,
    "map": "https://maps.app.goo.gl/Sz8qDUpBUSybfddP9",
    "more": null
  },
  {
    "type": "info",
    "start": "1030",
    "end": "1130",
    "event_kr": "👟 쇼메 → 식당",
    "note_kr": "약 15분 소요 예상</br>파사쥬 등 간단히 구경 예정",
    "event_en": "👟 Chaumet → Restaurant",
    "note_en": "Approx. 15 min</br>Includes brief sightseeing (passages)",
    "ticket": null,
    "map": "https://maps.app.goo.gl/eckbx3xdaNnTxqzz7",
    "more": null
  },
  {
    "type": "schedule",
    "start": "1200",
    "end": "1300",
    "event_kr": "🍽️ 점심식사: 비스트로 리슐리외",
    "note_kr": null,
    "event_en": "Lunch: Bistrot Richelieu",
    "note_en": null,
    "ticket": null,
    "map": "https://maps.app.goo.gl/uWpYTVYmjVvcoj427",
    "more": null
  },
  {
    "type": "schedule",
    "start": null,
    "end": null,
    "event_kr": "튈르리 정원",
    "note_kr": null,
    "event_en": "Tuileries Garden",
    "note_en": null,
    "ticket": null,
    "map": "https://maps.app.goo.gl/W1Jo4zXAkJ9xt8NP8",
    "more": null
  },
  {
    "type": "schedule",
    "start": null,
    "end": null,
    "event_kr": "콩코르드 광장",
    "note_kr": null,
    "event_en": "Place de la Concorde",
    "note_en": null,
    "ticket": null,
    "map": "https://maps.app.goo.gl/uVdsGE7wNVeoe2jd7",
    "more": null
  },
  {
    "type": "schedule",
    "start": null,
    "end": null,
    "event_kr": "알렉상드르 3세 다리",
    "note_kr": null,
    "event_en": "Pont Alexandre III",
    "note_en": null,
    "ticket": null,
    "map": "https://maps.app.goo.gl/PNj3RkpueNBTjh827",
    "more": null
  },
  {
    "type": "info",
    "start": "1640",
    "end": "1710",
    "event_kr": "🚊 알렉상드르 3세 다리 → 셰 부용 피갈",
    "note_kr": "약 30분 소요 예상",
    "event_en": "🚊 Pont Alexandre III → Chez Bouillon Pigalle",
    "note_en": "Approx. 30 min",
    "ticket": null,
    "map": "https://maps.app.goo.gl/Vv4YhyGuo4Z7m2AL6",
    "more": null
  },
  {
    "type": "schedule",
    "start": "1730",
    "end": "1845",
    "event_kr": "🍽️ 저녁식사: 셰 부용 피갈",
    "note_kr": null,
    "event_en": "Dinner: Chez Bouillon Pigalle",
    "note_en": null,
    "ticket": null,
    "map": "https://maps.app.goo.gl/jMoLy6dzcaZezGoKA",
    "more": null
  },
  {
    "type": "info",
    "start": "1900",
    "end": "1915",
    "event_kr": "👟 셰 부용 피갈 → 몽마르트 언덕",
    "note_kr": "약 15분 소요 예상",
    "event_en": "👟 Chez Bouillon Pigalle → Montmartre",
    "note_en": "Approx. 15 min",
    "ticket": null,
    "map": "https://maps.app.goo.gl/3KwwMJieKgnJAuAX6",
    "more": null
  },
  {
    "type": "schedule",
    "start": "1915",
    "end": "2015",
    "event_kr": "몽마르트 언덕",
    "note_kr": "일몰 시간: 20시 41분",
    "event_en": "Montmartre",
    "note_en": "Sunset at 20:41",
    "ticket": null,
    "map": "https://maps.app.goo.gl/Hd6qAzjfKatpogfX8",
    "more": null
  },
  {
    "type": "info",
    "start": "2020",
    "end": "2120",
    "event_kr": "🚊 몽마르트 언덕 → 호텔",
    "note_kr": "약 50분 소요 예상",
    "event_en": "🚊 Montmartre → Hotel",
    "note_en": "Approx. 50 min",
    "ticket": null,
    "map": "https://maps.app.goo.gl/HJcgyvZHf9YhwWsR9",
    "more": null
  }
]
