﻿[
  {
    "type": "info",
    "start": "0800",
    "end": "0850",
    "event_kr": "🚊 호텔 → 셰 알랭 먐먐 샌드위치",
    "note_kr": "약 50분 소요 예상",
    "event_en": "🚊 Hotel → Chez Alain Miam Miam",
    "note_en": "Approx. 50 min",
    "ticket": null,
    "map": "https://maps.app.goo.gl/dBhsca1LcPWSAnTy5",
    "more": null
  },
  {
    "type": "schedule",
    "start": "0900",
    "end": "1000",
    "event_kr": "🍽️ 셰 알랭 먐먐 샌드위치",
    "note_kr": "아침 식사: 샌드위치 / 9시 오픈",
    "event_en": "Chez Alain Miam Miam",
    "note_en": "Breakfast: Sandwich / Opens at 9 AM",
    "ticket": null,
    "map": "https://maps.app.goo.gl/ebMvC5w7geo8NX6U9",
    "more": null
  },
  {
    "type": "schedule",
    "start": null,
    "end": null,
    "event_kr": "마레 지구 관광",
    "note_kr": null,
    "event_en": "Marais District Tour",
    "note_en": null,
    "ticket": null,
    "map": "https://maps.app.goo.gl/m6cVqmd8TG2JmrWh7",
    "more": null
  },
  {
    "type": "schedule",
    "start": null,
    "end": null,
    "event_kr": "앙팡 루즈 시장 관광",
    "note_kr": null,
    "event_en": "Enfants Rouges Market Tour",
    "note_en": null,
    "ticket": null,
    "map": "https://maps.app.goo.gl/ndwWSr3gDYZhnUkF7",
    "more": null
  },
  {
    "type": "schedule",
    "start": null,
    "end": null,
    "event_kr": "바스티유 광장 관광",
    "note_kr": null,
    "event_en": "Place de la Bastille Tour",
    "note_en": null,
    "ticket": null,
    "map": "https://maps.app.goo.gl/siEpwZqtK7w9xA14A",
    "more": null
  },
  {
    "type": "schedule",
    "start": "1400",
    "end": null,
    "event_kr": "와인: 르 바로 루즈",
    "note_kr": "오후 4시 영업 종료",
    "event_en": "Wine: Le Baron Rouge",
    "note_en": "Closes at 4 PM",
    "ticket": null,
    "map": "https://maps.app.goo.gl/FWGAeLffHuxn45Aj6",
    "more": null
  },
  {
    "type": "schedule",
    "start": null,
    "end": null,
    "event_kr": "까르푸 쇼핑",
    "note_kr": null,
    "event_en": "carrefour",
    "note_en": null,
    "ticket": null,
    "map": null,
    "more": null
  },
  {
    "type": "schedule",
    "start": null,
    "end": null,
    "event_kr": "갤러리 라파예트 옥상 야경",
    "note_kr": null,
    "event_en": "Galeries Lafayette Rooftop Night View",
    "note_en": null,
    "ticket": null,
    "map": "https://maps.app.goo.gl/mtRraw1VvXHYPg1w9",
    "more": null
  },
  {
    "type": "info",
    "start": null,
    "end": null,
    "event_kr": "🚊 갤러리 라파예트 → 셰 안드레",
    "note_kr": "약 20분 소요 예정 / 👟 도보 35분 소요",
    "event_en": "🚊 Galeries Lafayette → Chez André",
    "note_en": "Approx. 20 min / 👟 35 min Walk",
    "ticket": null,
    "map": "https://maps.app.goo.gl/nyAwXt4rZzysLw2M6",
    "more": null
  },
  {
    "type": "schedule",
    "start": "1915",
    "end": "2100",
    "event_kr": "🍽️ 저녁식사: 셰 안드레",
    "note_kr": "예약 완료",
    "event_en": "Dinner: Chez André",
    "note_en": "Reservation confirmed",
    "ticket": null,
    "map": "https://maps.app.goo.gl/P5Cxzt8CexKkKCLD6",
    "more": null
  },
  {
    "type": "info",
    "start": "2100",
    "end": "2140",
    "event_kr": "🚊 셰 안드레 → 호텔",
    "note_kr": "약 30분 소요 예정",
    "event_en": "🚊 Chez André → Hotel",
    "note_en": "Approx. 30 min",
    "ticket": null,
    "map": "https://maps.app.goo.gl/GwpTVHgGjntvJFk87",
    "more": null
  }
]
