﻿[
  {
    "type": "info",
    "start": "0600",
    "end": "0615",
    "event_kr": "👟 호텔 체크아웃 및 이동",
    "note_kr": "약 15분 소요 예상",
    "event_en": "👟 Hotel Checkout & Transfer",
    "note_en": "Approx. 15 min",
    "ticket": null,
    "map": null,
    "more": null
  },
  {
    "type": "schedule",
    "start": "0620",
    "end": "0700",
    "event_kr": "한진택배 짐 수령",
    "note_kr": "제1여객터미널 3층 N 체크인카운터 부근</br>착불 24,000원 지불",
    "event_en": "Pick up luggage from Hanjin Express",
    "note_en": "Near Check-in Counter N, 3rd Floor, Terminal 1",
    "ticket": null,
    "map": "https://place.map.kakao.com/720254170",
    "more": null
  },
  {
    "type": "schedule",
    "start": "0700",
    "end": "0830",
    "event_kr": "공항 수속 및 짐 처리",
    "note_kr": "위탁 수하물 체크인, 출국심사, 면세품 인도",
    "event_en": "Airport Check-in & Baggage Process",
    "note_en": "Checked baggage drop-off, immigration, duty-free pickup",
    "ticket": null,
    "map": null,
    "more": null
  },
  {
    "type": "schedule",
    "start": "0900",
    "end": "1000",
    "event_kr": "🍽️ 아침 식사: 손수 반상 , 손수헌",
    "note_kr": null,
    "event_en": "🍽️ Breakfast",
    "note_en": null,
    "ticket": null,
    "map": null,
    "more": null
  },
  {
    "type": "info",
    "start": "1045",
    "end": "1805",
    "event_kr": "✈️ 인천 공항 T1 → 샤를 드 골 공항 T1",
    "note_kr": "비행시간: 14시간 20분</br>아시아나항공 OZ501</br>좌석 26 A, B, C, D",
    "event_en": "✈️ Incheon Airport T1 → Charles de Gaulle Airport T1",
    "note_en": "Flight duration: 14 hours 20 minutes</br>Asiana Airlines OZ501</br>Seats 26 A, B, C, D",
    "ticket": null,
    "map": null,
    "more": "https://ko.flightaware.com/live/flight/OZ501"
  },
  {
    "type": "schedule",
    "start": "1805",
    "end": "1930",
    "event_kr": "수하물 찾기 & 출입국 심사",
    "note_kr": "약 1시간 소요 예상",
    "event_en": "Baggage Claim & Immigration",
    "note_en": "Estimated duration: 1 hour",
    "ticket": null,
    "map": null,
    "more": null
  },
  {
    "type": "info",
    "start": "1930",
    "end": "2030",
    "event_kr": "🚕 샤를 드 골 공항 T1 → 호텔",
    "note_kr": "우버 탑승 예정, 약 1시간 소요 예상",
    "event_en": "🚕 CDG T1 → Hotel",
    "note_en": "By Uber, Approx. 1 hr",
    "ticket": null,
    "map": "https://maps.app.goo.gl/cmXMs29hcC14SiaL9",
    "more": null
  },
  {
    "type": "schedule",
    "start": "2030",
    "end": null,
    "event_kr": "🛏️ 호텔 체크인: 시티즌 M 파리 라 데팡스 호텔",
    "note_kr": "잔금 218.56 유로 결제 예정</br>예약번호 1: <a href=\"attachments/DCNOEOOH_SNZXOIRO.pdf\" target=\"_blank\">DCNOEOOH / SNZXOIRO</a></br>예약번호 2: <a href=\"attachments/FKYZODBS.pdf\" target=\"_blank\">FKYZODBS</a> / <a href=\"attachments/ERFSAVIH.pdf\" target=\"_blank\">ERFSAVIH</a>",
    "event_en": "🛏️ Hotel Check-in: citizenM Paris La Défense Hotel",
    "note_en": "Remaining balance of EUR 218.56 to be paid</br>Reservation No. 1: <a href=\"attachments/DCNOEOOH_SNZXOIRO.pdf\" target=\"_blank\">DCNOEOOH / SNZXOIRO</a></br>Reservation No. 2: <a href=\"attachments/FKYZODBS.pdf\" target=\"_blank\">FKYZODBS</a> / <a href=\"attachments/ERFSAVIH.pdf\" target=\"_blank\">ERFSAVIH</a>",
    "ticket": null,
    "map": "https://maps.app.goo.gl/oVQr1JVXWjmfRGup9",
    "more": null
  }
]
