﻿[
  {
    "type": "info",
    "start": null,
    "end": null,
    "event_kr": "🚊 호텔 → 루브르 박물관",
    "note_kr": "약 30분 소요 예정",
    "event_en": "🚊 Hotel → Louvre Museum",
    "note_en": "Approx. 30 min",
    "ticket": null,
    "map": "https://maps.app.goo.gl/mZWCN8rfdaJCemaD9",
    "more": null
  },
  {
    "type": "schedule",
    "start": null,
    "end": null,
    "event_kr": "🍽️ 아침:",
    "note_kr": null,
    "event_en": "Breakfast:",
    "note_en": null,
    "ticket": null,
    "map": null,
    "more": null
  },
  {
    "type": "schedule",
    "start": "0930",
    "end": "1330",
    "event_kr": "루브르 박물관",
    "note_kr": null,
    "event_en": "Louvre Museum",
    "note_en": null,
    "ticket": "../tickets_html/ticket_Louvre-Museum.html",
    "map": "https://maps.app.goo.gl/C118zp5wK1r2rV2J8",
    "more": null
  },
  {
    "type": "schedule",
    "start": null,
    "end": null,
    "event_kr": "🍽️ 점심:",
    "note_kr": null,
    "event_en": "Lunch:",
    "note_en": null,
    "ticket": null,
    "map": null,
    "more": null
  },
  {
    "type": "schedule",
    "start": null,
    "end": null,
    "event_kr": "웨딩 드레스 수령",
    "note_kr": null,
    "event_en": "Pick up wedding dress",
    "note_en": null,
    "ticket": null,
    "map": "https://maps.app.goo.gl/RKjKPL4nQxd9AFUi8",
    "more": null
  },
  {
    "type": "schedule",
    "start": null,
    "end": null,
    "event_kr": "🍽️ 저녁:",
    "note_kr": null,
    "event_en": "Dinner:",
    "note_en": null,
    "ticket": null,
    "map": null,
    "more": null
  }
]
