﻿[
  {
    "type": "info",
    "start": "2023",
    "end": "2131",
    "event_kr": "🚄 대전역 → 서울역",
    "note_kr": "KTX-산천 294</br>6호차 12 A, B, C, D",
    "event_en": "🚄 Daejeon → Seoul",
    "note_en": "KTX-산천 294</br>Car 6, Seats 12 A, B, C, D",
    "ticket": null,
    "map": null,
    "more": null
  },
  {
    "type": "info",
    "start": "2143",
    "end": "2243",
    "event_kr": "🚊 서울역 → 인천공항 T1",
    "note_kr": "1시간 소요 예상</br>9시 43분, 51분, 59분 공항철도 탑승",
    "event_en": "🚊 Seoul Station → ICN T1",
    "note_en": "Approx. 1 hr",
    "ticket": null,
    "map": null,
    "more": null
  },
  {
    "type": "schedule",
    "start": "2300",
    "end": null,
    "event_kr": "🛏️ 호텔 체크인: 다락휴 인천공항 T1",
    "note_kr": "다음날 오전 6시 체크아웃 예정</br>예약번호: 8426000285 / 8426000286</br>조식 추가:1인당 EUR 18.00",
    "event_en": "🛏️ Hotel Check-in: Capsule Hotel 'Darakhyu' ICN T1",
    "note_en": null,
    "ticket": null,
    "map": "https://place.map.kakao.com/612917753",
    "more": null
  }
]
