{
  "hotel_info": {
    "title": "Hotel Information",
    "hidden": false,
    "content": [
      { "label": "Hotel Name", "value": "Example Hotel" },
      { "label": "Address", "value": "123 Main St, City, Country" },
      { "label": "Check-in", "value": "3:00 PM" },
      { "label": "Check-out", "value": "12:00 PM" },
      { "label": "Phone Number", "value": "(123) 456-7890" }
    ],
    "links": [{ "text": "Hotel Details", "url": "hotelDetails.html" }]
  },
  "emergency_contacts": {
    "title": "Emergency Contacts",
    "hidden": false,
    "content": [
      { "label": "Police", "value": "911" },
      { "label": "Fire Department", "value": "911" },
      { "label": "Ambulance", "value": "911" },
      { "label": "Embassy", "value": "1-800-123-4567" }
    ],
    "links": [{ "text": "Emergency Contacts Details", "url": "emergencyContacts.html" }]
  },
  "insurance_info": {
    "title": "Insurance Information",
    "hidden": true,
    "content": [
      { "label": "Provider", "value": "Example Insurance Co." },
      { "label": "Policy Number", "value": "ABC123456789" },
      { "label": "Contact Number", "value": "1-800-123-4567" },
      { "label": "Emergency Assistance", "value": "1-800-555-1234" }
    ],
    "links": [{ "text": "Insurance Details", "url": "insuranceDetails.html" }]
  },
  "basic_phrases": {
    "title": "Basic Phrases",
    "hidden": true,
    "content": [
      { "phrase": "Hello", "translation": "Hola (Spanish)" },
      { "phrase": "Good Morning", "translation": "Guten Morgen (German)" },
      { "phrase": "Thank You", "translation": "Merci (French)" },
      { "phrase": "How much is this?", "translation": "Quanto costa? (Italian)" },
      { "phrase": "Where is the bathroom?", "translation": "Où sont les toilettes ? (French)" }
    ],
    "links": null
  }
}
