{
  "hotel_info": {
    "title": "🛏️ Hotel Information",
    "hidden": false,
    "content": [
      { "label": "Hotel Name", "value": "citizenM Paris La Défense" },
      { "label": "Address", "value": "194 Jard. de l'Arche, 92000 Nanterre, France" },
      { "label": "Check-in", "value": "Saturday, April 12, 2025 – 2:00 PM" },
      { "label": "Check-out", "value": "Sunday, April 20, 2025 – 11:00 AM" },
      { "label": "Contact", "value": "01 86 65 59 60" }
    ],
    "links": [
      { "text": "Map", "url": "https://maps.app.goo.gl/Bm4ekYosY4tLLJjy5" },
      {
        "text": "Hotel Reservation Document 1 (DCNOEOOH / SNZXOIRO)",
        "url": "../attachments/DCNOEOOH_SNZXOIRO.pdf"
      },
      {
        "text": "Hotel Reservation Document 2 (FKYZODBS)",
        "url": "../attachments/FKYZODBS.pdf"
      },
      {
        "text": "Hotel Reservation Document 3 (ERFSAVIH)",
        "url": "../attachments/ERFSAVIH.pdf"
      }
    ]
  },
  "flight_departure": {
    "title": "🛫 Departure Flight",
    "hidden": false,
    "content": [
      { "label": "Flight", "value": "OZ501 (Asiana Airlines)" },
      { "label": "Booking Reference", "value": "5OD3MA(48708426)" },
      { "label": "From", "value": "Incheon International Airport (ICN)" },
      { "label": "To", "value": "Paris Charles de Gaulle Airport (CDG)" },
      { "label": "Departure Time", "value": "Saturday, April 12, 2025 – 10:45 AM" },
      { "label": "Arrival Time", "value": "Saturday, April 12, 2025 – 6:05 PM" },
      { "label": "Flight Duration", "value": "14h 20m" },
      { "label": "Seats", "value": "26A, 26B, 26C, 26D" }
    ],
    "links": [
      { "text": "E-ticket", "url": "../attachments/FKYZODBS_English_Check-in_Voucher_(For_Visa Application).pdf" },
      { "text": "Live Flight Status", "url": "https://ko.flightaware.com/live/flight/OZ501" }
    ]
  },
  "flight_return": {
    "title": "🛬 Return Flight",
    "hidden": false,
    "content": [
      { "label": "Flight", "value": "OZ502 (Asiana Airlines)" },
      { "label": "Booking Reference", "value": "5OD3MA(48708426)" },
      { "label": "From", "value": "Paris Charles de Gaulle Airport (CDG)" },
      { "label": "To", "value": "Incheon International Airport (ICN)" },
      { "label": "Departure Time", "value": "Sunday, April 20, 2025 – 8:05 PM" },
      { "label": "Arrival Time", "value": "Monday, April 21, 2025 – 3:05 PM" },
      { "label": "Flight Duration", "value": "12h" },
      { "label": "Seats", "value": "35H, 35J, 35K / 23E" }
    ],
    "links": [{ "text": "Live Flight Status", "url": "https://ko.flightaware.com/live/flight/OZ502" }]
  },
  "emergency_contacts": {
    "title": "🚨 Emergency Contacts",
    "hidden": false,
    "content": [
      { "label": "Police", "value": "17" },
      { "label": "Fire Department", "value": "18" },
      { "label": "Medical Emergency", "value": "15" },
      { "label": "Embassy of South Korea in France", "value": "01-4069-0012, 0015" }
    ],
    "links": [
      {
        "text": "Embassy Website",
        "url": "https://overseas.mofa.go.kr/fr-ko/wpge/m_9421/contents.do"
      }
    ]
  },
  "insurance_info": {
    "title": "💊 Travel Insurance Info",
    "hidden": false,
    "content": [
      { "label": "Insurer", "value": "Carrot Insurance X MyBank" },
      { "label": "Policy Number", "value": "FAC0244404688000" },
      { "label": "Customer Service", "value": "contact@mibankins.com or 02‐6925‐1517" },
      { "label": "24-Hour Emergency Contact (Abroad)", "value": "82‐2‐360‐2541" }
    ],
    "links": [{ "text": "Travel Insurance Certificate", "url": "../attachments/insurance.pdf" }]
  },
  "basic_phrases": {
    "title": "💬 Basic Phrases",
    "hidden": true,
    "content": [
      { "phrase": "Hello", "translation": "Bonjour" },
      { "phrase": "Thank you", "translation": "Merci" },
      { "phrase": "Excuse me", "translation": "Excusez-moi" },
      { "phrase": "Where is the bathroom?", "translation": "Où sont les toilettes ?" },
      { "phrase": "How much is this?", "translation": "C’est combien ?" },
      { "phrase": "Do you speak English?", "translation": "Parlez-vous anglais ?" },
      { "phrase": "Please help me", "translation": "Aidez-moi, s’il vous plaît" },
      { "phrase": "I’m lost", "translation": "Je suis perdu(e)" },
      { "phrase": "I have a reservation", "translation": "J’ai une réservation" },
      { "phrase": "Can I see the menu, please?", "translation": "Puis-je voir le menu, s’il vous plaît ?" },
      { "phrase": "The check, please", "translation": "L’addition, s’il vous plaît" },
      { "phrase": "I need to go to the hospital", "translation": "Je voudrais aller à l’hôpital" }
    ],
    "links": null
  }
}
