{
  "hotel_info": {
    "title": "🛏️ 호텔 정보",
    "hidden": false,
    "content": [
      { "label": "호텔명", "value": "시티즌M 파리 라 데팡스" },
      { "label": "주소", "value": "194 Jard. de l'Arche, 92000 Nanterre, France" },
      { "label": "체크인", "value": "2025년 4월 12일 (토) 오후 2시" },
      { "label": "체크아웃", "value": "2025년 4월 20일 (일) 오전 11시" },
      { "label": "연락처", "value": "01 86 65 59 60" }
    ],
    "links": [
      { "text": "지도", "url": "https://maps.app.goo.gl/Bm4ekYosY4tLLJjy5" },
      {
        "text": "호텔 예약 서류 1 (DCNOEOOH / SNZXOIRO)",
        "url": "../attachments/DCNOEOOH_SNZXOIRO.pdf"
      },
      {
        "text": "호텔 예약 서류 2 (FKYZODBS)",
        "url": "../attachments/FKYZODBS.pdf"
      },
      {
        "text": "호텔 예약 서류 3 (ERFSAVIH)",
        "url": "../attachments/ERFSAVIH.pdf"
      }
    ]
  },
  "flight_departure": {
    "title": "🛫 출국 항공",
    "hidden": false,
    "content": [
      { "label": "항공편", "value": "OZ501 (아시아나 항공)" },
      { "label": "예약번호", "value": "5OD3MA(48708426)" },
      { "label": "출발지", "value": "인천국제공항 (ICN)" },
      { "label": "도착지", "value": "파리 샤를드골 공항 (CDG)" },
      { "label": "출발 시간", "value": "2025년 4월 12일 (토) 오전 10시 45분" },
      { "label": "도착 시간", "value": "2025년 4월 12일 (토) 오후 6시 5분" },
      { "label": "비행 시간", "value": "14시간 20분" },
      { "label": "좌석", "value": "26A, 26B, 26C, 26D" }
    ],
    "links": [
      { "text": "E-티켓 (송호인)", "url": "../attachments/E-ticket_9882487732801_(SONG_HOIN_MR).pdf" },
      { "text": "E-티켓 (황미순)", "url": "../attachments/E-ticket_9882487732798_(HWANG_MISOON_MS).pdf" },
      { "text": "E-티켓 (송지수)", "url": "../attachments/E-ticket_9882487732799_(SONG_JISU_MS).pdf" },
      { "text": "E-티켓 (송가람)", "url": "../attachments/E-ticket_9882487732800_(SONG_GARAM_MS).pdf" },
      { "text": "실시간 운항 현황", "url": "https://ko.flightaware.com/live/flight/OZ501" }
    ]
  },
  "flight_return": {
    "title": "🛬 귀국 항공",
    "hidden": false,
    "content": [
      { "label": "항공편", "value": "OZ502 (아시아나 항공)" },
      { "label": "예약번호", "value": "5OD3MA(48708426)" },
      { "label": "출발지", "value": "파리 샤를드골 공항 (CDG)" },
      { "label": "도착지", "value": "인천국제공항 (ICN)" },
      { "label": "출발 시간", "value": "2025년 4월 20일 (일) 오후 8시 5분" },
      { "label": "도착 시간", "value": "2025년 4월 21일 (월) 오후 3시 5분" },
      { "label": "비행 시간", "value": "12시간" },
      { "label": "좌석", "value": "35H, 35J, 35K / 23E" }
    ],
    "links": [{ "text": "실시간 운항 현황", "url": "https://ko.flightaware.com/live/flight/OZ502" }]
  },
  "emergency_contacts": {
    "title": "🚨 비상 연락처",
    "hidden": false,
    "content": [
      { "label": "경찰서", "value": "17" },
      { "label": "소방서", "value": "18" },
      { "label": "긴급의료", "value": "15" },
      { "label": "주 프랑스 대한민국 대사관", "value": "01-4069-0012, 0015" }
    ],
    "links": [
      {
        "text": "주 프랑스 대한민국 대사관 홈페이지",
        "url": "https://overseas.mofa.go.kr/fr-ko/wpge/m_9421/contents.do"
      }
    ]
  },
  "insurance_info": {
    "title": "💊 보험 가입 내역서",
    "hidden": false,
    "content": [
      { "label": "보험사", "value": "캐롯손해보험 X 마이뱅크" },
      { "label": "증권번호", "value": "FAC0244404688000" },
      { "label": "고객센터", "value": "contact@mibankins.com 또는 02‐6925‐1517" },
      { "label": "해외여행 중 긴급연락처(24시간)", "value": "82‐2‐360‐2541" }
    ],
    "links": [{ "text": "해외여행자보험 가입증명서", "url": "../attachments/insurance.pdf" }]
  },
  "sim_info": {
    "title": "📞 유심 설치 정보",
    "hidden": false,
    "content": [
      { "label": "데이터 제공량", "value": "매일 1GB" },
      { "label": "사용 기간", "value": "9일" },
      { "label": "고객센터", "value": "카카오톡 @와이파이도시락" }
    ],
    "links": [
      { "text": "갤럭시 설치 방법", "url": "https://bit.ly/guide-AOS" },
      { "text": "아이폰 설치 방법", "url": "https://bit.ly/guide-IOS" },
      { "text": "송호인(Esim)", "url": "../attachments/ect/hoin_esim.PNG" },
      { "text": "황미순(Esim)", "url": "../attachments/ect/misoon_esim.PNG" }
    ]
  },
  "basic_phrases": {
    "title": "💬 기초 회화",
    "hidden": true,
    "content": [
      { "phrase": "안녕하세요", "translation": "Bonjour" },
      { "phrase": "감사합니다", "translation": "Merci" },
      { "phrase": "실례합니다", "translation": "Excusez-moi" },
      { "phrase": "화장실이 어디예요?", "translation": "Où sont les toilettes ?" },
      { "phrase": "이거 얼마예요?", "translation": "C’est combien ?" },
      { "phrase": "숫자로 써서 보여주세요.", "translation": "Écrivez-le en chiffres, s’il vous plaît." },
      { "phrase": "영어 하세요?", "translation": "Parlez-vous anglais ?" },
      { "phrase": "도와주세요", "translation": "Aidez-moi, s’il vous plaît" },
      { "phrase": "길을 잃었어요", "translation": "Je suis perdu(e)" },
      { "phrase": "예약했어요", "translation": "J’ai une réservation" },
      { "phrase": "메뉴 좀 볼 수 있을까요?", "translation": "Puis-je voir le menu, s’il vous plaît ?" },
      { "phrase": "계산서 주세요", "translation": "L’addition, s’il vous plaît" },
      { "phrase": "병원에 가고 싶어요", "translation": "Je voudrais aller à l’hôpital" }
    ],
    "links": null
  }
}
